,tracks,classes
0,03-Holiday,matthew
1,01-American-Idiot,matthew
2,02-Jesus-Of-Suburbia-_-City-Of-The-Damned-_-I-Don't-Care-_-Dearly-Beloved-_-Tales-Of-Another-Broken-Home,matthew
3,09-Extraordinary-Girl,matthew
4,06-St.-Jimmy,matthew
5,07-Give-Me-Novacaine,matthew
6,08-She's-A-Rebel,matthew
7,05-Are-We-The-Waiting,matthew
8,12-Homecoming-_-The-Death-Of-St.-Jimmy-_-East-12th-St.-_-Nobody-Likes-You-_-Rock-And-Roll-Girlfriend-_-We're-Coming-Home-Again,matthew
9,10-Letterbomb,matthew
10,11-Wake-Me-Up-When-September-Ends,matthew
11,13-Whatsername,matthew
12,07-A-Small-Victory-(Who-Cares),matthew
13,05-Falling-To-Pieces-(Who-Cares),matthew
14,08-Easy-(Who-Cares),matthew
15,04-Epic-(Who-Cares),matthew
16,02-Introduce-Yourself-(Who-Cares),matthew
17,14-Ashes-To-Ashes-(Who-Cares),matthew
18,15-Stripsearch-(Who-Cares),matthew
19,09-Digging-The-Grave-(Who-Cares),matthew
20,12-I-Started-A-Joke-(Who-Cares),matthew
21,19-I-Won't-Forget-You-(Who-Cares),matthew
22,01-We-Care-A-Lot-(Who-Cares),matthew
23,06-Midlife-Crisis-(Who-Cares),matthew
24,10-The-Gentle-Art-Of-Making-Enemies-(Who-Car,matthew
25,16-The-World-Is-Yours-(Who-Cares),matthew
26,18-Instrumental-(Who-Cares),matthew
27,11-Evidence-(Who-Cares),matthew
28,13-Last-Cup-Of-Sorrow-(Who-Cares),matthew
29,17-Hippie-Jam-Song-(Who-Cares),matthew
30,20-Introduce-Yourself-(4-Track-Demos)-(Who-C,matthew
31,03-From-Out-Of-Nowhere-(Who-Cares),matthew
32,02-Everwake,matthew
33,01-Scars-Of-The-Old-Stream,matthew
34,03-J'ai-Fait-Une-Promesse,matthew
35,04-Alone,matthew
36,05-Far-Away-(Acoustic),matthew
37,07-Eternity-(Part-3)-(Acoustic),matthew
38,06-Eternity-(Part-2),matthew
39,09-One-Of-The-Few,matthew
40,08-Better-Off-Dead,matthew
41,10-Inner-Silence,matthew
42,12-Destiny,matthew
43,11-Goodbye-Cruel-World,matthew
44,13-The-Silent-Enigma-(Orchestral),matthew
45,15-Horses,matthew
46,14-Angelica-(Live-Budapest-1997),matthew
47,02-Knowledge-Of-Self,matthew
48,01-The-Meeting-Of-A-Hundred-Yang,matthew
49,04-Somnambulist,matthew
50,03-Superfabulous,matthew
51,05-Force-Of-Gravity,matthew
52,06-Dark-Heart-Dawning,matthew
53,08-Paris,matthew
54,09-Circles,matthew
55,07-The-Great-Escape,matthew
56,11-Communicate,matthew
57,10-Last-Moment-Of-Clarity,matthew
58,12-Animals,matthew
59,13-The-Only-Constant-Is-Change,matthew
60,01-Sine-Wave,matthew
61,04-Dial-Revenge,matthew
62,05-You-Don't-Know-Jesus,matthew
63,06-Robot-Chant,matthew
64,02-Take-Me-Somewhere-Nice,matthew
65,03-O-I-Sleep,matthew
66,07-2-Rights-Make-1-Wrong,matthew
67,08-Secret-Pint,matthew
68,02-Don't-Leave,matthew
69,01-Reverence,matthew
70,03-Salva-Mea,matthew
71,04-If-Lovin'-You-is-Wrong,matthew
72,06-Insomnia,matthew
73,07-Dirty-Ol'-Man,matthew
74,05-Angeline,matthew
75,08-Flowerstand-Man,matthew
76,10-Drifting-Away,matthew
77,09-Baseball-Cap,matthew
78,01-Knives,matthew
79,02-Screamager,matthew
80,04-Stop-It-You're-Killing-Me,matthew
81,03-Hellbelly,matthew
82,05-Nowhere,matthew
83,06-Die-Laughing,matthew
84,07-Unbeliever,matthew
85,09-Lunacy-Booth,matthew
86,08-Trigger-Inside,matthew
87,10-Isolation,matthew
88,11-Turn,matthew
89,13-Unrequited,matthew
90,12-Femtex,matthew
91,14-Brainsaw,matthew
92,01-Electric-Head-pt.-1-(The-Agony,matthew
93,03-Real-Solution-#9,matthew
94,02-Super-Charger-Heaven,matthew
95,04-Creature-Of-The-Wheel,matthew
96,05-Electric-Head-pt.-2-(The-Ecsta,matthew
97,06-Grease-Paint-And-Monkey-Brains,matthew
98,"07-I,-Zombie",matthew
99,08-More-Human-Than-Human,matthew
100,09-El-Phantasmo-And-The-Chicken-R,matthew
101,10-Blur-The-Technicolor,matthew
102,"11-Blood,-Milk-And-Sky",matthew
103,01-Prowler,matthew
104,03-Running-Free,matthew
105,02-Remember-Tomorrow,matthew
106,04-Phantom-of-the-Opera,matthew
107,05-Transylvania,matthew
108,06-Strange-World,matthew
109,08-Iron-Maiden,matthew
110,07-Charlotte-The-Harlot,matthew
111,09-Sanctuary,matthew
112,06-President-dead,matthew
113,04-Disposable-teens,matthew
114,05-Target-audience-(Narcissus-narcosis),matthew
115,02-The-love-song,matthew
116,01-Godeatgod,matthew
117,03-The-fight-song,matthew
118,10-The-nobodies,matthew
119,18-King-kill-33,matthew
120,15-Coma-Black,matthew
121,13-Born-again,matthew
122,16-Valentine's-day,matthew
123,08-Cruci-fiction-in-space,matthew
124,17-The-fall-of-adam,matthew
125,11-The-death-song,matthew
126,09-A-place-in-the-dirt,matthew
127,14-Burning-flag,matthew
128,19-Count-to-six-and-die,matthew
129,12-Lamb-of-god,matthew
130,07-In-the-shadow-of-the-valley-of-death,matthew
131,11-Everything-Is-Wrong,matthew
132,06-Bring-Back-My-Happiness,matthew
133,01-Hymn,matthew
134,05-Everytime-You-Touch-Me,matthew
135,12-God-Moving-Over-The-Face-Of-The-Waters,matthew
136,03-All-That-I-Need-Is-To-Be-Loved,matthew
137,10-Anthem,matthew
138,13-When-It's-Cold-I'd-Like-To-Die,matthew
139,02-Feeling-So-Real,matthew
140,09-Into-The-Blue,matthew
141,07-What-Love,matthew
142,08-First-Cool-Hive,matthew
143,04-Let's-Go-Free,matthew
144,05-Hook,matthew
145,09-Yuri-G,matthew
146,04-Rub-'Til-It-Bleeds,matthew
147,14-Ecstasy,matthew
148,07-Highway-61-Revisited,matthew
149,03-Legs,matthew
150,08-50ft-Queenie,matthew
151,13-Snake,matthew
152,11-Dry,matthew
153,10-Man-Size,matthew
154,01-Rid-of-Me,matthew
155,12-Me-Jane,matthew
156,06-Man-Sized-Sextet,matthew
157,02-Missed,matthew
158,01-Radiation-Ruling-The-Nation-(Protection),matthew
159,03-Trinity-Dub-(Three),matthew
160,02-Bumper-Ball-Dub-(Karmacoma),matthew
161,04-Cool-Monsoon-(Weather-Storm),matthew
162,05-Eternal-Feedback-(Sly),matthew
163,06-Moving-Dub-(Better-Things),matthew
164,07-I-Spy-(Spying-Glass),matthew
165,08-Backward-Sucking-(Heat-Miser),matthew
166,01-Just-The-Way-I'm-Feeling,matthew
167,02-Come-Back-Around,matthew
168,04-Child-In-You,matthew
169,03-Helium,matthew
170,07-Summer's-Gone,matthew
171,06-Forget-About-Tomorrow,matthew
172,05-Comfort-In-Sound,matthew
173,08-Godzilla,matthew
174,10-Find-The-Colour,matthew
175,09-Quick-Fade,matthew
176,11-Love-Pollution,matthew
177,02-The-Watchman,matthew
178,01-Endemoniada,matthew
179,03-Phobia,matthew
180,04-Moonchild,matthew
181,05-Chord-Of-Souls,matthew
182,06-Shiva,matthew
183,07-Celebrate,matthew
184,08-Love-Under-Will,matthew
185,09-Last-Exit-For-The-Lost,matthew
186,01-The-Moebius,matthew
187,03-Oolaa,matthew
188,02-Speed-Freak,matthew
189,04-Desert-Storm,matthew
190,05-Fahrenheit-303,matthew
191,06-Steel-Cube-Idolatry,matthew
192,07-High-Rise,matthew
193,08-Chime-Live,matthew
194,09-Midnight-Live,matthew
195,10-Belfast,matthew
196,11-Outro,matthew
197,01-Overture,matthew
198,02-Low-Sun,matthew
199,03-No-Ordinary-Morning,matthew
200,04-Saltwater-(Original-Mix),matthew
201,05-Halcyon,matthew
202,06-Autumn-Tactics,matthew
203,08-Don't-Give-Up-(Original-Mix),matthew
204,07-Overlap,matthew
205,09-Saltwater-(The-Thrillseekers-Remix),matthew
206,10-Chicane---Andromeda,matthew
207,03-Live-Forever,matthew
208,01-Rock-'n'-Roll-Star,matthew
209,06-Supersonic,matthew
210,09-Digsy's-Dinner,matthew
211,08-Cigarettes-And-Alcohol,matthew
212,07-Bring-It-On-Down,matthew
213,10-Slide-Away,matthew
214,11-Married-With-Children,matthew
215,02-Shakermaker,matthew
216,04-Up-In-the-Sky,matthew
217,05-Columbia,matthew
218,01-Lights,matthew
219,02-Munich,matthew
220,03-Blood,matthew
221,04-Fall,matthew
222,05-All-Sparks,matthew
223,06-Camera,matthew
224,07-Fingers-In-The-Factories,matthew
225,08-Bullets,matthew
226,09-Someone-Says,matthew
227,10-Open-Your-Arms,matthew
228,11-Distance,matthew
229,01-Smells-Like-Teen-Spirit,matthew
230,02-In-Bloom,matthew
231,03-Come-As-You-Are,matthew
232,04-Breed,matthew
233,05-Lithium,matthew
234,06-Polly,matthew
235,07-Territorial-Pissings,matthew
236,08-Drain-You,matthew
237,09-Lounge-Act,matthew
238,10-Stay-Away,matthew
239,11-On-A-Plain,matthew
240,12-Something-In-The-Way,matthew
241,01-The-Hollow,matthew
242,02-Magdalena,matthew
243,03-Rose,matthew
244,04-Judith,matthew
245,05-Orestes,matthew
246,06-3-Libras,matthew
247,07-Sleeping-Beauty,matthew
248,08-Thomas,matthew
249,09-Renholder,matthew
250,10-Thinking-Of-You,matthew
251,11-Brena,matthew
252,12-Over,matthew
253,03-Kladfvgbung-Micshk,matthew
254,01-Jynweythek,matthew
255,02-Vordhosbn,matthew
256,04-Omgyjya-Switch-7,matthew
257,05-Strotha-Tynhe,matthew
258,07-Bbydhyonchord,matthew
259,06-Gwely-Mernans,matthew
260,08-Cock-Ver-10,matthew
261,10-Mt-Saint-Michel-Mix-+-St-Michaels-Mount,matthew
262,18-Lornaderek,matthew
263,12-Orban-Eq-Trx-4,matthew
264,16-54-Cymru-Beats,matthew
265,11-Gwarek2,matthew
266,22-Prep-Gwarlek-3B,matthew
267,20-Meltphace-6,matthew
268,27-Afx-237-V7,matthew
269,24-Taking-Control,matthew
270,01-New-Gold-Dream(81-82-83-84),matthew
271,02-What-Can-You-Do-For-Me,matthew
272,03-Soulution,matthew
273,04-Believe-In-Me,matthew
274,05-Too-Much-To-Swallow(Part1),matthew
275,06-Something-Good,matthew
276,07-I-Want-You,matthew
277,08-States-Of-Mind,matthew
278,09-Trance-Atlantic-Glide,matthew
279,10-Kinetic-Synthetic,matthew
280,11-What-Can-You-Do-For-Me_-1926-Melodic-Mix,matthew
281,12-My-Mind-Must-Be-Free,matthew
282,09-Of-Wolf-And-Man,matthew
283,01-Enter-Sandman,matthew
284,12-The-Struggle-Within,matthew
285,06-Don't-Tread-On-Me,matthew
286,10-The-God-That-Failed,matthew
287,11-My-Friend-Of-Misery,matthew
288,04-The-Unforgiven,matthew
289,08-Nothing-Else-Matters,matthew
290,05-Wherever-I-May-Roam,matthew
291,03-Holier-Than-Thou,matthew
292,07-Through-The-Never,matthew
293,02-Sad-But-True,matthew
294,01-Highway-To-Hell,matthew
295,02-Girls-Got-Rhythm,matthew
296,03-Walk-All-Over-You,matthew
297,05-Beating-Around-The-Bush,matthew
298,04-Touch-Too-Much,matthew
299,07-Get-It-Hot,matthew
300,06-Shot-Down-In-Flames,matthew
301,09-Love-Hungry-Man,matthew
302,08-If-You-Want-Blood(You've-Got-I,matthew
303,10-Night-Prowler,matthew
304,01-Buried-Dreams,matthew
305,02-Carnal-Forge,matthew
306,03-No-Love-Lost,matthew
307,04-Heartwork,matthew
308,05-Embodiment,matthew
309,06-This-Mortal-Coil,matthew
310,07-Arbeit-Macht-Fleisch,matthew
311,08-Blind-Bleeding-The-Blind,matthew
312,09-Doctrinal-Expletives,matthew
313,10-Death-Certificate,matthew
314,01-True-Nature,matthew
315,02-Strays,matthew
316,03-Just-Because,matthew
317,04-Price-I-Pay,matthew
318,05-The-Riches,matthew
319,06-Superhero,matthew
320,07-Wrong-Girl,matthew
321,08-Everybody's-Friend,matthew
322,09-Suffer-Some,matthew
323,10-Hypersonic,matthew
324,11-To-Match-The-Sun,matthew
325,01-Listen,matthew
326,02-My-Mate-Paul,matthew
327,03-Let's-Get-Killed,matthew
328,04-Gritty-Shaker,matthew
329,05-Head-Rush-On-Lafayette,matthew
330,06-Rodney-Yates,matthew
331,07-Radio-7,matthew
332,08-The-Parcus-And-Madder-Show,matthew
333,09-Slashers-Revenge,matthew
334,10-Freaknik,matthew
335,11-Caddell-Returns,matthew
336,12-Don't-Die-Just-Yet,matthew
337,13-For-You,matthew
338,04-Coal-To-Diamonds,matthew
339,02-Standing-In-The-Way-Of-Control,matthew
340,03-Jealous-Girls,matthew
341,07-Listen-Up!,matthew
342,01-Fire-With-Fire,matthew
343,08-Holy-Water,matthew
344,06-Your-Mangled-Heart,matthew
345,09-Keeping-You-Alive,matthew
346,05-Eyes-Open,matthew
347,01-Dominion_Mother-Russia,matthew
348,02-Flood-I,matthew
349,03-Lucretia-My-Reflection,matthew
350,04-1959,matthew
351,05-This-Corrosion,matthew
352,06-Flood-II,matthew
353,07-Driven-Like-The-Snow,matthew
354,08-Never-Land-(A-Fragment),matthew
355,09-Torch,matthew
356,10-Colours,matthew
357,01-Papercut,matthew
358,02-One-Step-Closer,matthew
359,03-With-You,matthew
360,04-Points-Of-Authority,matthew
361,05-Crawling,matthew
362,06-Runaway,matthew
363,07-By-Myself,matthew
364,08-In-The-End,matthew
365,09-A-Place-For-My-Head,matthew
366,10-Forgotten,matthew
367,11-Cure-For-The-Itch,matthew
368,12-Pushing-Me-Away,matthew
369,01-Trip-Like-I-Do,matthew
370,04-High-Roller,matthew
371,06-Keep-Hope-Alive,matthew
372,05-Comin'-Back,matthew
373,02-Busy-Child,matthew
374,08-She's-My-Pusher,matthew
375,10-Now-Is-The-Time,matthew
376,09-Jaded,matthew
377,07-Vapor-Trail,matthew
378,11-Bad-Stone,matthew
379,01-Fainting-Spells,matthew
380,02-Celestica,matthew
381,03-Doe-Deer,matthew
382,04-Baptism,matthew
383,05-Year-Of-Silence,matthew
384,06-Empathy,matthew
385,07-Suffocation,matthew
386,08-Violent-Dreams,matthew
387,09-Vietnam,matthew
388,10-Birds,matthew
389,11-Pap-Smear,matthew
390,12-Not-In-Love,matthew
391,13-Intimate,matthew
392,14-I-Am-Made-Of-Chalk,matthew
393,01-If-I-Had-A-Heart,matthew
394,02-When-I-Grow-Up,matthew
395,03-Dry-&-Dusty,matthew
396,05-Triangle-Walks,matthew
397,06-Concrete-Walls,matthew
398,07-Now's-The-Only-Time-I-Know,matthew
399,08-I'm-Not-Done,matthew
400,09-Keep-The-Streets-Empty-For-Me,matthew
401,10-Coconut,matthew
402,01-Doll,matthew
403,02-Monkey-Wrench,matthew
404,"03-Hey,-Johnny-Park!",matthew
405,04-My-Poor-Brain,matthew
406,05-Wind-Up,matthew
407,06-Up-In-Arms,matthew
408,07-My-Hero,matthew
409,08-See-You,matthew
410,09-Enough-Space,matthew
411,10-February-Stars,matthew
412,11-Everlong,matthew
413,12-Walking-After-You,matthew
414,13-New-Way-Home,matthew
415,01-Pandemonium,matthew
416,02-Exorcism,matthew
417,03-Millennium,matthew
418,04-Communion,matthew
419,05-Black-Moon,matthew
420,06-Labyrinth,matthew
421,07-Jana,matthew
422,08-Whiteout,matthew
423,09-Pleasures-Of-The-Flesh,matthew
424,10-Mathematics-Of-Chaos,matthew
425,01-Release-The-Pressure,matthew
426,02-Afro-Left,matthew
427,03-Melt,matthew
428,04-Song-Of-Life,matthew
429,05-Original,matthew
430,06-Black-Flute,matthew
431,07-Space-Shanty,matthew
432,08-Inspection-Check-One,matthew
433,09-Storm-3000,matthew
434,10-Open-Up,matthew
435,11-21st-Century-Poem,matthew
436,01-N.W.O.,matthew
437,02-Just-One-Fix,matthew
438,03-TV-II,matthew
439,04-Hero,matthew
440,05-Jesus-Built-My-Hotrod,matthew
441,06-Scare-Crow,matthew
442,07-Psalm-69,matthew
443,08-Corrosion,matthew
444,09-Grace,matthew
445,02-Terrible-Lie,matthew
446,03-Down-In-It,matthew
447,04-Sanctified,matthew
448,05-Something-I-Can-Never-Have,matthew
449,06-Kinda-I-Want-To,matthew
450,07-Sin,matthew
451,08-That's-What-I-Get,matthew
452,09-The-Only-Time,matthew
453,04-The-Great-Gig-In-The-Sky,matthew
454,05-Money,matthew
455,06-Us-And-Them,matthew
456,07-Any-Colour-You-Like,matthew
457,08-Brain-Damage,matthew
458,01-Meds,matthew
459,02-Infra-Red,matthew
460,03-Drag,matthew
461,04-Space-Monkey,matthew
462,05-Follow-The-Cops-Back-Home,matthew
463,06-Post-Blue,matthew
464,07-Because-I-Want-You,matthew
465,08-Blind,matthew
466,09-Pierrot-The-Clown,matthew
467,10-Broken-Promise,matthew
468,11-One-Of-A-Kind,matthew
469,12-In-The-Cold-Light-Of-Morning,matthew
470,13-Song-To-Say-Goodbye,matthew
471,01-Dark-&-Long,matthew
472,02-Mmm-Skyscraper-I-Love-You,matthew
473,03-Surfboy,matthew
474,04-Spoonman,matthew
475,05-Tongue,matthew
476,06-Dirty-Epic,matthew
477,07-Cowgirl,matthew
478,08-River-Of-Bass,matthew
479,09-M.E.,matthew
480,01-I-Can't-Explain-(Artificial-Stereo-Version),matthew
481,"02-Anyway,-Anyhow,-Anywhere-(Artificial-Stereo-Version)",matthew
482,03-My-Generation-(Artificial-Stereo-Version),matthew
483,04-Substitute,matthew
484,05-I'm-a-Boy-(Remixed-_No-Horns_-Stereo-Version),matthew
485,06-Boris-the-Spider-(Artificial-Stereo-Version),matthew
486,07-Happy-Jack,matthew
487,08-Pictures-of-Lily,matthew
488,09-I-Can-See-for-Miles-(Remix),matthew
489,10-Magic-Bus-(Edit-Mono-Version),matthew
490,11-Pinball-Wizard,matthew
491,12-The-Seeker,matthew
492,13-Baba-O'Riley-(Remixed-Version),matthew
493,14-Won't-Get-Fooled-Again-(Remix),matthew
494,15-Let's-See-Action,matthew
495,16-5_15,matthew
496,17-Join-Together,matthew
497,18-Squeeze-Box,matthew
498,19-Who-Are-You,matthew
499,20-You-Better-You-Bet,matthew
500,02-18-Wheeler,sarah
501,01-Intro,sarah
502,01-Get-The-Party-Started,sarah
503,01-Intro-copy,sarah
504,08-Family-Portrait,sarah
505,07-Just-Like-A-Pill,sarah
506,06-Numb,sarah
507,05-Eventually,sarah
508,04-Dear-Diary,sarah
509,13-Unknown,sarah
510,03-M!ssundaztood,sarah
511,13-Lonely-Girl,sarah
512,12-Gone-To-California,sarah
513,11-Don't-Let-Me-Get-Me,sarah
514,10-Respect,sarah
515,09-Misery,sarah
516,04-Crazy-Love,sarah
517,03-Georgia-On-My-Mind,sarah
518,02-All-of-Me,sarah
519,01-Cry-Me-a-River,sarah
520,15-Catch-22,sarah
521,14-My-Vietnam,sarah
522,10-Baby-(You've-Got-What-It-Takes)-[with-Sharon-Jones-&-The-Dap-Kings],sarah
523,09-You're-Nobody-Till-Somebody-Loves-You,sarah
524,08-Heartache-Tonight,sarah
525,07-Hold-On,sarah
526,06-All-I-Do-Is-Dream-of-You,sarah
527,05-Haven't-Met-You-Yet,sarah
528,03-Promises,sarah
529,02-Video,sarah
530,14-Some-Kind-of-Wonderful-(Bonus-Track),sarah
531,13-Whatever-It-Takes-(with-Ron-Sexsmith),sarah
532,12-Stardust-(with-Naturally-7),sarah
533,11-At-This-Moment,sarah
534,08-Ready-For-Love,sarah
535,07-Back-To-The-Middle,sarah
536,06-Nature,sarah
537,"05-Strength,-Courage-&-Wisdom",sarah
538,04-Brown-Skin,sarah
539,15-Outro,sarah
540,14-Beautiful,sarah
541,13-Part-Of-My-Life,sarah
542,12-Simple,sarah
543,11-I-See-God-In-You,sarah
544,10-Always-In-My-Head,sarah
545,09-Interlude,sarah
546,04-True-Tears-Of-Joy,sarah
547,03-Grindstone,sarah
548,02-Holy-Grail,sarah
549,01-Head-Above-Water,sarah
550,16-Wonderful,sarah
551,09-Where-Do-You-Go_,sarah
552,08-Love-That-I-Long-For,sarah
553,07-Edge-Of-Nowhere,sarah
554,06-Hear-No-Evil,sarah
555,05-We-The-People,sarah
556,03-Older,sarah
557,02-Fastlove,sarah
558,01-Jesus-To-A-Child,sarah
559,11-Angel-Of-Mercy,sarah
560,10-Imaginary-Girl,sarah
561,08-Move-On,sarah
562,07-To-Be-Forgiven,sarah
563,06-The-Strangest-Thing,sarah
564,05-It-Doesn't-Really-Matter,sarah
565,04-Spinning-The-Wheel,sarah
566,04-Love-Me-Tender,sarah
567,03-Hound-Dog,sarah
568,02-Don't-Be-Cruel,sarah
569,01-Heartbreak-Hotel,sarah
570,11-Free,sarah
571,10-You-Have-Been-Loved,sarah
572,09-Star-People,sarah
573,11-One-Night,sarah
574,10-Hard-Headed-Woman,sarah
575,09-Don't,sarah
576,08-Jailhouse-Rock,sarah
577,07-(Let-Me-Be-Your)-Teddy-Bear,sarah
578,06-All-Shook-Up,sarah
579,05-Too-Much,sarah
580,19-(Marie's-The-Name)-His-Latest-Flame,sarah
581,17-Wooden-Heart,sarah
582,16-Are-You-Lonesome-Tonight,sarah
583,15-It's-Now-Or-Never,sarah
584,14-Stuck-On-You,sarah
585,13-A-Big-Hunk-O'-Love,sarah
586,12-(Now-And-Then-There's)-A-Fool-Such-As-I,sarah
587,26-In-The-Ghetto,sarah
588,25-Crying-In-The-Chapel,sarah
589,24-(You're-The)-Devil-In-Disguise,sarah
590,23-Return-To-Sender,sarah
591,22-She's-Not-You,sarah
592,21-Good-Luck-Charm,sarah
593,20-Can't-Help-Falling-In-Love,sarah
594,02-Valentino,sarah
595,01-Fire-Escape,sarah
596,31-A-Little-Less-Conversation-(JXL-Radio-Edit-Remix),sarah
597,30-Way-Down,sarah
598,29-Burning-Love,sarah
599,28-The-Wonder-Of-You,sarah
600,27-Suspicious-Minds,sarah
601,07-Photograph,sarah
602,06-Rise-Up,sarah
603,05-Rewind,sarah
604,04-Nothing-But-a-Miracle,sarah
605,03-Fools,sarah
606,12-Forgiveness,sarah
607,11-Choo-Choo,sarah
608,10-Ariel,sarah
609,09-Mirror-Mirror,sarah
610,08-Don't-Wait-Up,sarah
611,05-You're-Gone,sarah
612,04-Stone-Cold-Sober,sarah
613,03-Move-Away-Jimmy-Blue,sarah
614,02-Opposite-View,sarah
615,01-Kiss-This-Thing-Goodbye,sarah
616,13-Magic-View,sarah
617,1-01-Chocolate-Cake,sarah
618,10-Nothing-Ever-Happens,sarah
619,09-Hatful-Of-Rain,sarah
620,08-Empty,sarah
621,07-This-Side-Of-The-Morning,sarah
622,06-When-I-Want-You,sarah
623,1-07-Four-Seasons-In-One-Day,sarah
624,1-06-Whispers-And-Moans,sarah
625,1-05-Weather-With-You,sarah
626,1-04-Tall-Trees,sarah
627,1-03-Fall-At-Your-Feet,sarah
628,1-02-It's-Only-Natural,sarah
629,1-13-She-Goes-On,sarah
630,1-12-Italian-Plastic,sarah
631,1-11-As-Sure-As-I-Am,sarah
632,1-10-All-I-Ask,sarah
633,1-09-Fame-Is,sarah
634,1-08-There-Goes-God,sarah
635,06-The-Old-Landmark,sarah
636,05-Everybody-Needs-Somebody-To-Love,sarah
637,04-Shake-A-Tail-Feather,sarah
638,03-Gimme-Some-Lovin',sarah
639,02-Peter-Gunn-Theme,sarah
640,01-She-Caught-The-Katy,sarah
641,1-14-How-Will-You-Go,sarah
642,10-Sweet-Home-Chicago,sarah
643,09-Minnie-The-Moocher,sarah
644,08-Theme-From-Rawhide,sarah
645,07-Think,sarah
646,07-Think-1,sarah
647,06-Isn't-It-A-Wonder,sarah
648,05-Picture-Of-You,sarah
649,04-Baby-Can-I-Hold-You,sarah
650,03-All-That-I-Need,sarah
651,02-No-Matter-What,sarah
652,01-I-Love-The-Way-You-Love-Me,sarah
653,11-Jailhouse-Rock,sarah
654,12-Key-To-My-Life,sarah
655,11-Coming-Home-Now,sarah
656,10-So-Good,sarah
657,09-Father-And-Son,sarah
658,08-Words,sarah
659,07-A-Different-Beat,sarah
660,18-I'll-Never-Not-Need-You,sarah
661,17-All-The-Time-In-The-World,sarah
662,16-When-You-Say-Nothing-At-All,sarah
663,15-You-Needed-Me,sarah
664,14-When-The-Going-Gets-Tough,sarah
665,13-Love-Me-For-A-Reason,sarah
666,08-Your-Most-Valuable-Possession,sarah
667,07-Your-Redneck-Past,sarah
668,06-Army,sarah
669,05-Hospital-Song,sarah
670,04-Magic,sarah
671,03-Mess,sarah
672,19-Mystical-Experience,sarah
673,01-I-Never-Loved-A-Man-(The-Way-I-Love-You),sarah
674,02-Don't-Change-Your-Plans,sarah
675,01-Narcolepsy,sarah
676,11-Lullabye,sarah
677,10-Jane,sarah
678,09-Regrets,sarah
679,08-(Sweet-Sweet-Baby)-Since-You've-Been-Gone,sarah
680,07-Chain-Of-Fools,sarah
681,06-(You-Make-Me-Feel-Like)-A-Natural-Woman,sarah
682,05-Baby-I-Love-You,sarah
683,04-Dr.-Feelgood-(Love-Is-A-Serious-Business),sarah
684,"03-Do-Right-Woman,-Do-Right-Man",sarah
685,02-Respect,sarah
686,14-See-Saw,sarah
687,13-I-Say-A-Little-Prayer,sarah
688,12-Think,sarah
689,11-The-House-That-Jack-Built,sarah
690,10-Save-Me,sarah
691,09-Ain't-No-Way,sarah
692,21-Spanish-Harlem,sarah
693,20-I'm-In-Love,sarah
694,19-You're-All-I-Need-To-Get-By,sarah
695,18-Border-Song-(Holy-Moses),sarah
696,17-Don't-Play-That-Song-(You-Lied),sarah
697,16-Call-Me,sarah
698,15-Day-Dreaming,sarah
699,01-Better-Together,sarah
700,01-Dancing-Queen,sarah
701,24-Until-You-Come-Back-To-Me-(That's-What-I'm-Gonna-Do),sarah
702,23-Angel,sarah
703,22-Rock-Steady,sarah
704,01-Need-You-Tonight,sarah
705,01-Narrow-Streets,sarah
706,01-Jolene,sarah
707,01-Free-Me,sarah
708,01-Five-Colours-In-Her-Hair,sarah
709,01-Come-As-You-Are,sarah
710,01-The-Fun-Lovin'-Criminal,sarah
711,01-Superstar,sarah
712,01-Stripped-Intro,sarah
713,01-Seventh-Son,sarah
714,01-Other-Side-Of-The-World,sarah
715,01-One-Week,sarah
716,1-02-Black-Belt,sarah
717,1-01-Pale-Green-Ghosts,sarah
718,01-White-Flag,sarah
719,01-What-I-go-to-school-for,sarah
720,01-The-Prince,sarah
721,1-05-It-Doesn't-Matter-To-Him,sarah
722,1-04-Vietnam,sarah
723,1-03-GMF,sarah
724,1-09-Ernest-Borgnine,sarah
725,1-08-Sensitive-New-Age-Guy,sarah
726,1-07-You-Don't-Have-To,sarah
727,1-06-Why-Don't-You-Love-Me-Anymore,sarah
728,02-Can't-Hold-Us-Down,sarah
729,02-Another-Place-To-Fall,sarah
730,1-11-Glacier,sarah
731,1-10-I-Hate-This-Town,sarah
732,02-It's-All-Been-Done,sarah
733,02-Islands-In-The-Stream-(with-Kenny-Rogers),sarah
734,02-Horse-To-The-Water,sarah
735,02-Gonna-Walk,sarah
736,02-Crash-and-Burn,sarah
737,02-Obviously,sarah
738,02-Not-Too-Late-For-Love,sarah
739,02-Never-Know,sarah
740,02-Models,sarah
741,02-Maybe,sarah
742,"02-Knowing-Me,-Knowing-You",sarah
743,02-What-You-Need,sarah
744,02-Thank-You,sarah
745,02-Stoned,sarah
746,02-Passive_Aggressive,sarah
747,02-One-Step-Beyond,sarah
748,03-Don't-Shuffle-Me-Back,sarah
749,03-DJ,sarah
750,03-Disappear,sarah
751,03-Britney,sarah
752,03-Biology,sarah
753,03-Banana-Pancakes,sarah
754,03-Light-Up-My-Room,sarah
755,03-Life-For-Rent,sarah
756,03-I'll-Be-There,sarah
757,03-Here-You-Come-Again,sarah
758,03-First-Time,sarah
759,03-Under-The-Weather,sarah
760,03-The-Grave-And-The-Constant,sarah
761,03-Take-A-Chance-On-Me,sarah
762,03-Room-On-The-3rd-Floor,sarah
763,03-My-Girl,sarah
764,04-Fighter,sarah
765,04-Black-Horse-And-The-Cherry-Tree,sarah
766,04-Baby-Don't-Cry,sarah
767,03-Will-It-Go-Round-In-Circles,sarah
768,03-Walk-Away,sarah
769,04-Marys-In-India,sarah
770,04-Mamma-Mia,sarah
771,04-Losing-you,sarah
772,04-I'll-Be-That-Girl,sarah
773,04-I-Will-Always-Love-You-(1982),sarah
774,04-Good-People,sarah
775,04-That-Girl,sarah
776,04-Straight-Jacket,sarah
777,04-See-It-In-A-Boy's-Eyes,sarah
778,04-Scooby-Snacks,sarah
779,04-Night-Boat-To-Cairo,sarah
780,05-Breathing,sarah
781,05-Baggy-Trousers,sarah
782,04-Wild-Horses,sarah
783,04-Valentine-Moon,sarah
784,04-Tomorrow,sarah
785,04-The-Old-Apartment,sarah
786,05-Keepin'-it-Real,sarah
787,05-Keep-This-Fire-Burning,sarah
788,05-Hypnotised,sarah
789,05-Elegantly-Wasted,sarah
790,05-See-The-Day,sarah
791,05-Primer-Amor,sarah
792,05-No-Other-Way,sarah
793,05-Miniature-Disasters,sarah
794,05-Love-Is-Like-A-Butterfly,sarah
795,05-Leave,sarah
796,05-Lay-All-Your-Love-On-Me,sarah
797,05-Year-3000,sarah
798,05-The-Return-Of-The-Blues-Cowboy,sarah
799,05-Taxi,sarah
800,05-Smoke-'Em,sarah
801,05-See-You-When-Youre-40,sarah
802,06-Embarrassment,sarah
803,06-Dont-Leave-Home,sarah
804,06-Dirty-Dirty,sarah
805,06-Crickets-Sing-For-Anamaria,sarah
806,06-Bombin'-The-L,sarah
807,06-Alcohol,sarah
808,06-No-One-Ever-Loves-In-Vain,sarah
809,06-Mystify,sarah
810,06-Infatuation,sarah
811,06-For-You,sarah
812,06-Everything's-Beautiful-(In-It's-Own-Way)---(with-Willie-Nelson),sarah
813,06-The-Hand-That-Changed-Its-Mind,sarah
814,06-Super-Trouper,sarah
815,"06-Sitting,-Waiting,-Wishing",sarah
816,06-Silent-Sea,sarah
817,06-Saturday-Night,sarah
818,06-Psycho-Girl,sarah
819,07-Club-Hoppin',sarah
820,07-Call-And-Answer,sarah
821,07-All-the-way,sarah
822,07-Affirmation,sarah
823,06-Watch-Me-Go,sarah
824,07-Loves-Embrace,sarah
825,07-Just-Keep-Walking,sarah
826,07-Just-Because-I'm-A-Woman,sarah
827,07-I-Have-A-Dream,sarah
828,07-I-Can't-Get-With-That,sarah
829,07-The-Return-Of-Los-Palmas-7,sarah
830,07-Staple-It-Together,sarah
831,07-Some-Fantastic,sarah
832,07-Nobody-But-You,sarah
833,07-No-Sign-Of-Life,sarah
834,07-Met-This-Girl,sarah
835,08-False-Alarm,sarah
836,08-Cutie,sarah
837,07-Who-Makes-You-Feel,sarah
838,07-Universe-&-U,sarah
839,08-Loving-Me-4-Me,sarah
840,08-King-Of-New-York,sarah
841,08-In-The-Car,sarah
842,08-Grey-Day,sarah
843,08-Good-Times,sarah
844,08-Suicide-Blonde,sarah
845,08-Sleeping-with-the-light-on,sarah
846,08-Situations,sarah
847,08-She-Left-Me,sarah
848,08-Sand-In-My-Shoes,sarah
849,08-Revolution,sarah
850,08-Why'd-You-Come-In-Here-Lookin'-Like-That,sarah
851,08-Whole-Lotta-History,sarah
852,08-Who-The-Hell-Are-You,sarah
853,08-The-Winner-Takes-It-All,sarah
854,08-Supasonic,sarah
855,09-I-Put-A-Spell-On-You,sarah
856,09-Down-By-The-Lake,sarah
857,09-Do-You-Have-A-Little-Time,sarah
858,09-Dawson's-Geek,sarah
859,09-Crying-Shame,sarah
860,09-Bounce,sarah
861,09-Never-Tear-Us-Apart,sarah
862,09-Never-Is-Enough,sarah
863,"09-Money,-Money,-Money",sarah
864,09-Long-Hot-Summer,sarah
865,09-Lay-Your-Love-On-Me,sarah
866,09-Impossible,sarah
867,09-The-Last-Thing-On-My-Mind-(with-Porter-Wagoner),sarah
868,09-Tea-And-Sympathy,sarah
869,09-Suddenly-I-See,sarah
870,09-Shut-Up,sarah
871,09-Odds-Are,sarah
872,10-If-I-Could,sarah
873,10-Bout,sarah
874,10-Below-My-Radar,sarah
875,10-Bear-Hug,sarah
876,10-Amazing,sarah
877,09-We-Have-All-The-Time-In-The-World,sarah
878,10-Shining-Star,sarah
879,10-S.O.S.,sarah
880,10-Oranges-And-Lemons-Again,sarah
881,10-It-Must-Be-Love,sarah
882,10-In-The-Ghetto,sarah
883,10-Unsaid-Things,sarah
884,10-Underappreciated,sarah
885,10-This-Land-Is-Mine,sarah
886,10-Swinging-London-Town,sarah
887,10-Stoppin-The-Love,sarah
888,10-Sound-of-Your-Voice,sarah
889,11-Beautiful,sarah
890,11-Beautiful-Girl,sarah
891,11-All-That-You-Are,sarah
892,10-Who-Needs-Sleep_,sarah
893,10-When-day-turns-into-night,sarah
894,11-Everything-I-knew,sarah
895,11-Come-Find-Yourself,sarah
896,11-Chiquitita,sarah
897,11-Cardiac-Arrest,sarah
898,11-Breakdown,sarah
899,11-The-Bargain-Store,sarah
900,11-Surfer-Babe,sarah
901,11-See-The-Sun,sarah
902,11-Off-Da-Endz,sarah
903,11-It's-Magic,sarah
904,11-Heal-Over,sarah
905,12-9-To-5,sarah
906,11-You-Are,sarah
907,11-When-I-Fall,sarah
908,11-Under-The-Same-Sun,sarah
909,11-Told-You-So,sarah
910,12-Listen-Like-Thieves,sarah
911,12-House-Of-Fun,sarah
912,12-Fernando,sarah
913,12-Crime-And-Punishment,sarah
914,12-Belle,sarah
915,12-B.I.T.C.H.,sarah
916,12-Not-Alone,sarah
917,12-No-Regrets,sarah
918,12-Maybe-Katie,sarah
919,12-Make-Over,sarah
920,12-Mademoiselle-Will-Decide,sarah
921,12-Without-you,sarah
922,12-Unknown,sarah
923,12-Till-I-See-Ya,sarah
924,12-Through-The-Dark,sarah
925,12-Something-So-Beautiful,sarah
926,12-Some-Fantastic,sarah
927,13-Driving-In-My-Car,sarah
928,13-Do-You-Remember,sarah
929,13-Cruz,sarah
930,13-Broccoli,sarah
931,13-Back-O'-Town-Blues,sarah
932,13-Racey-Lacey,sarah
933,13-One-Week,sarah
934,13-New-Sensation,sarah
935,13-Methadonia,sarah
936,13-Life,sarah
937,13-Joshua,sarah
938,14-Antidote,sarah
939,13-When-You-Dream,sarah
940,13-Voulez-Vous,sarah
941,13-Salvador,sarah
942,14-Heartbreaker,sarah
943,14-Gimme!-Gimme!-Gimme!-(A-Man-After-Midnight),sarah
944,14-Four-Seconds,sarah
945,14-Constellations,sarah
946,14-Bitter-Tears,sarah
947,14-Remember-Me-_-Fatal-Factor,sarah
948,14-Our-House,sarah
949,14-Loser-Kid,sarah
950,14-I-Can't-Get-With-That-(Schmoove-Version),sarah
951,15-I-Can-Sing,sarah
952,"15-Get-Mine-,-Get-Yours",sarah
953,15-Does-Your-Mother-Know,sarah
954,15-Coney-Island-Girl,sarah
955,14-Town-And-Country-Rhythm-And-Blues,sarah
956,14-Soar,sarah
957,16-Devil-Inside,sarah
958,15-Tomorrow's-Just-Another-Day,sarah
959,15-Rockin'-Years-(with-Ricky-Van-Shelton),sarah
960,15-Original-Sin,sarah
961,15-I-Wanna-Be-Around,sarah
962,16-Wings-Of-A-Dove,sarah
963,16-To-Daddy-(original),sarah
964,16-One-Of-Us,sarah
965,16-I'm-Ready,sarah
966,16-Dirrty,sarah
967,17-The-Name-Of-The-Game,sarah
968,17-The-Gift,sarah
969,17-Stripped-(Part-Two),sarah
970,"17-Say-Hello,-Wave-Goodbye",sarah
971,17-Coat-Of-Many-Colours,sarah
972,18-Thank-You-For-The-Music,sarah
973,18-T-Bone-Shuffle,sarah
974,18-Michael-Caine,sarah
975,18-By-My-Side,sarah
976,17-The-Sun-And-The-Rain,sarah
977,19-I'm-OK,sarah
978,19-Born-To-Be-Wild,sarah
979,19-Applejack,sarah
980,18-Yellow-Roses,sarah
981,18-The-Voice-Within,sarah
982,20-Eagle-When-She-Flies,sarah
983,19-Waterloo,sarah
984,19-One-Better-Day,sarah
985,19-It's-So-Blue,sarah
986,21-I'm-In-The-Mood-For-Love,sarah
987,20-Yesterday's-Men,sarah
988,20-Salvation-Jane,sarah
989,20-Outskirts-Of-Town,sarah
990,20-Keep-On-Singin'-My-Song,sarah
991,22-What-Would-I-Do-Without-You,sarah
992,22-Dumb-Blonde,sarah
993,22-(Waiting-For-The)-Ghost-Train,sarah
994,21-Uncle-Sam,sarah
995,21-Tight,sarah
996,21-Put-It-Off-Until-Tomorrow-(with-Tammy-Wynette-&-Loretta-Lynn),sarah
997,25-I-Will-Always-Love-You-(original),sarah
998,24-Just-When-I-Needed-You-Most-(with-Alison-Krauss),sarah
999,23-My-Tennessee-Mountain-Home,sarah
